gc_orgID,harmonized_name,nom_harmonisé,abbreviation,abreviation,infobaseID,rg,ati,open_gov_ouvert,pop,phoenix,website,site_web
2222,Agriculture and Agri-Food Canada,Agriculture et Agroalimentaire Canada,AAFC,AAC,1,1,Agriculture and Agri-Food Canada,aafc-aac,AGR,AGR00,www.agr.gc.ca,www.agr.gc.ca
2223,Canadian Heritage,Patrimoine canadien,PCH,PCH,122,135,Canadian Heritage,pch,PCH,PCH00,https://www.canada.ca/en/canadian-heritage.html,https://www.canada.ca/fr/patrimoine-canadien.html
2224,"Immigration, Refugees and Citizenship Canada","Immigration, Réfugiés et Citoyenneté Canada",IRCC,IRCC,123,50,Immigration Refugees and Citizenship Canada,cic,IMC,IMC00,www.cic.gc.ca,www.cic.gc.ca
2225,Department of Finance Canada,Ministère des Finances Canada,FIN,FIN,124,6,Department of Finance Canada,fin,FIN,FIN00,https://www.canada.ca/en/department-finance.html,https://www.canada.ca/fr/ministere-finances.html
2226,Fisheries and Oceans Canada,Pêches et Océans Canada,DFO,MPO,125,86,Fisheries and Oceans Canada,dfo-mpo,DFO,DFO00,www.dfo-mpo.gc.ca,www.dfo-mpo.gc.ca
2227,Global Affairs Canada,Affaires mondiales Canada,GAC,AMC,126,5,Global Affairs Canada,dfatd-maecd,EXT,EXT00,www.international.gc.ca,www.international.gc.ca
2228,Health Canada,Santé Canada,HC,SC,127,22,Health Canada,hc-sc,SHC,NHW00,www.canada.ca/en/health-canada.html,www.canada.ca/fr/sante-canada.html
2229,Employment and Social Development Canada,Emploi et Développement social Canada,ESDC,EDSC,128,14,Employment and Social Development Canada						,esdc-edsc,CSD,CSD00,www.canada.ca/en/employment-social-development.html,www.canada.ca/fr/emploi-developpement-social.html
2230,Crown-Indigenous Relations and Northern Affairs Canada,Relations Couronne-Autochtones et Affaires du Nord Canada,CIRNAC,RCAANC,129,42,Crown-Indigenous Relations and Northern Affairs Canada,aandc-aadnc,IAN,IAN00,https://www.canada.ca/en/crown-indigenous-relations-northern-affairs.html,https://www.canada.ca/fr/relations-couronne-autochtones-affaires-nord.html
2231,"Innovation, Science and Economic Development Canada","Innovation, Sciences et Développement économique Canada",ISED,ISDE,130,33,Innovation Science and Economic Development Canada,ic,DUS,DUS00,www.ic.gc.ca,www.ic.gc.ca
2232,Department of Justice Canada,Ministère de la Justice Canada,JUS,JUS,132,13,Department of Justice Canada,jus,JUS,JUS00,www.justice.gc.ca,www.justice.gc.ca
2233,National Defence,Défense nationale,DND,MDN,133,18,National Defence,dnd-mdn,DND,DND00,www.forces.gc.ca,www.forces.gc.ca
2234,Natural Resources Canada,Ressources naturelles Canada,NRCan,RNCan,134,41,Natural Resources Canada,nrcan-rncan,RSN,RSN00,www.nrcan-rncan.gc.ca,www.nrcan-rncan.gc.ca
2235,Public Safety Canada,Sécurité publique Canada,PS,SP,135,88,Public Safety Canada,ps-sp,PSP,PSP00,www.publicsafety.gc.ca,www.securitepublique.gc.ca
2236,Public Services and Procurement Canada,Services publics et Approvisionnement Canada,PSPC,SPAC,136,127,Public Services and Procurement Canada,pwgsc-tpsgc,SVC,SVC00,www.tpsgc-pwgsc.gc.ca,www.tpsgc-pwgsc.gc.ca
2237,Environment and Climate Change Canada,Environnement et Changement climatique Canada,ECCC,ECCC,137,7,Environment and Climate Change Canada,ec,DOE,DOE00,www.canada.ca/en/environment-climate-change.html,www.canada.ca/fr/environnement-changement-climatique.html
2238,Transport Canada,Transports Canada,TC,TC,138,34,Transport Canada,tc,MOT,MOT00,www.tc.gc.ca,www.tc.gc.ca
2239,Veterans Affairs Canada,Anciens Combattants Canada,VAC,ACC,139,21,Veterans Affairs Canada,vac-acc,DVA,DVA00,www.veterans.gc.ca,www.veterans.gc.ca
2240,Prairies Economic Development Canada,Développement économique Canada pour les Prairies,PrairiesCan,PrairiesCan,140,44,Prairies Economic Development Canada (PrairiesCan),prairiescan,WCO,WCO00,https://www.canada.ca/en/prairies-economic-development.html,https://www.canada.ca/fr/developpement-economique-prairies.html
2241,Women and Gender Equality Canada,Femmes et Égalité des genres Canada,WAGE,FEGC,246,190,Women and Gender Equality Canada,wage,CSW,CSW00,www.swc-cfc.gc.ca,www.cfc-swc.gc.ca
2242,Treasury Board of Canada Secretariat,Secrétariat du Conseil du Trésor du Canada,TBS,SCT,326,56,Treasury Board of Canada Secretariat,tbs-sct,TBD,TBD00,www.canada.ca/en/treasury-board-secretariat/index.html,www.canada.ca/fr/secretariat-conseil-tresor/index.html
2243,Indigenous Services Canada,Services aux Autochtones Canada,ISC,SAC,348,191,Indigenous Services Canada,isc-sac,DIS,DIS00,www.canada.ca/en/indigenous-services-canada.html,www.canada.ca/fr/services-autochtones-canada.html
2244,Atlantic Canada Opportunities Agency,Agence de promotion économique du Canada atlantique,ACOA,APECA,12,23,Atlantic Canada Opportunities Agency,acoa-apeca,ACO,ACO00,https://www.canada.ca/en/atlantic-canada-opportunities.html,https://www.canada.ca/fr/promotion-economique-canada-atlantique.html
2245,Impact Assessment Agency of Canada,Agence d'évaluation d'impact du Canada,IAAC,AEIC,63,,Impact Assessment Agency of Canada,iaac-aeic,IAA,DOE01,https://www.canada.ca/en/impact-assessment-agency.html,https://www.canada.ca/fr/agence-evaluation-impact.html
2246,Canadian Grain Commission,Commission canadienne des grains,CGC,CCG,69,133,Canadian Grain Commission,cgc-ccg,CGC,CGC00,www.grainscanada.gc.ca,www.grainscanada.gc.ca
2247,Canadian Human Rights Commission,Commission canadienne des droits de la personne,CHRC,CCDP,71,75,Canadian Human Rights Commission,chrc-ccdp,HRC,HRC00,www.chrc-ccdp.gc.ca,www.ccdp-chrc.gc.ca
2248,Canadian Intergovernmental Conference Secretariat,Secrétariat des conférences intergouvernementales canadiennes,CICS,SCIC,76,43,,cics-scic,CIC,CIC00,www.scics.ca,www.scics.ca
2249,Canadian Northern Economic Development Agency,Agence canadienne de développement économique du Nord,CanNor,CanNor,86,78,Canadian Northern Economic Development Agency,cannor,NED,NED00,www.CanNor.gc.ca,www.CanNor.gc.ca
2250,Canadian Security Intelligence Service,Service canadien du renseignement de sécurité,CSIS,SCRS,94,95,Canadian Security Intelligence Service,csis-scrs,CSI,PAY00,https://www.canada.ca/en/security-intelligence-service.html,https://www.canada.ca/fr/service-renseignement-securite.html
2251,Canadian Space Agency,Agence spatiale canadienne,CSA,ASC,95,119,Canadian Space Agency,csa-asc,CSA,CSA00,www.asc-csa.gc.ca,www.asc-csa.gc.ca
2252,Canadian Transportation Agency,Office des transports du Canada,CTA,OTC,99,40,Canadian Transportation Agency,cta-otc,ATN,ATN00,https://www.otc-cta.gc.ca/eng,https://www.otc-cta.gc.ca/fra
2253,Communications Security Establishment Canada,Centre de la sécurité des télécommunications Canada,CSE,CST,110,165,Communication Security Establishment,csec-cstc,CSE,CSE00,www.cse-cst.gc.ca,www.cse-cst.gc.ca
2254,Copyright Board Canada,Commission du droit d'auteur Canada,CB,CDA,114,116,Copyright Board Canada,cb-cda,COP,COP00,https://cb-cda.gc.ca/en,https://cb-cda.gc.ca/fr
2255,Correctional Service Canada,Service correctionnel Canada,CSC,SCC,117,53,Correctional Service of Canada,csc-scc,PEN,PEN00,www.canada.ca/correctional-service,www.canada.ca/service-correctionnel
2256,Courts Administration Service,Service administratif des tribunaux judiciaires,CAS,SATJ,118,144,,cas-satj,CAJ,CAJ00,www.cas-satj.gc.ca,www.cas-satj.gc.ca
2257,Canada Economic Development for Quebec Regions,Développement économique Canada pour les régions du Québec,CED,DEC,141,12,Economic Development Agency of Canada for the Regions of Quebec,ced-dec,FRD,FRD00,https://www.canada.ca/en/economic-development-quebec-regions.html,https://www.canada.ca/fr/developpement-economique-regions-quebec.html
2258,Federal Economic Development Agency for Southern Ontario,Agence fédérale de développement économique pour le Sud de l'Ontario,FedDev Ontario,FedDev Ontario,150,62,Federal Economic Development Agency for Southern Ontario,feddevontario,ESO,ESO00,www.feddevontario.gc.ca,www.feddevontario.gc.ca
2259,Financial Consumer Agency of Canada,Agence de la consommation en matière financière du Canada,FCAC,ACFC,151,141,Financial Consumer Agency of Canada,fcac-acfc,FNA,FNA00,www.fcac.gc.ca,www.acfc.gc.ca
2260,Financial Transactions and Reports Analysis Centre of Canada,Centre d'analyse des opérations et déclarations financières du Canada,FINTRAC,CANAFE,152,139,Financial Transactions and Reports Analysis Centre of Canada,fintrac-canafe,CFC,CFC00,www.fintrac-canafe.gc.ca,www.canafe-fintrac.gc.ca
2261,Immigration and Refugee Board of Canada,Commission de l'immigration et du statut de réfugié du Canada,IRB,CISR,174,32,Immigration and Refugee Board,irb-cisr,IRB,IRB00,www.irb-cisr.gc.ca,www.cisr-irb.gc.ca
2262,Library and Archives Canada,Bibliothèque et Archives Canada,LAC,BAC,199,145,Library and Archives of Canada,lac-bac,BAL,BAL00,library-archives.canada.ca,bibliotheque-archives.canada.ca
2263,Military Grievances External Review Committee,Comité externe d'examen des griefs militaires,MGERC,CEEGM,209,138,Military Grievances External Review Committee,mgerc-ceegm,FCG,FCG00,www.canada.ca/en/military-grievances-external-review.html,www.canada.ca/fr/externe-examen-griefs-militaires.html
2264,Military Police Complaints Commission of Canada,Commission d'examen des plaintes concernant la police militaire du Canada,MPCC,CPPM,210,137,Military Police Complaints Commission,mpcc-cppm,CPM,CPM00,www.mpcc-cppm.gc.ca,www.mpcc-cppm.gc.ca
2265,Farm Products Council of Canada,Conseil des produits agricoles du Canada,FPCC,CPAC,222,,Farm Products Council of Canada,fpcc-cpac,FPN,,www.fpcc-cpac.gc.ca,www.fpcc-cpac.gc.ca
2266,National Film Board,Office national du film,NFB,ONF,223,39,National Film Board of Canada,nfb-onf,NFB,NFB00,www.canada.ca/en/national-film-board.html,www.canada.ca/fr/office-national-film.html
2267,Parole Board of Canada,Commission des libérations conditionnelles du Canada,PBC,CLCC,227,57,Parole Board of Canada,pbc-clcc,NPB,NPB00,www.canada.ca/en/parole-board.html,www.canada.ca/fr/commission-liberations-conditionnelles.html
2268,Northern Pipeline Agency Canada,Administration du pipe-line du Nord Canada,NPA,APN,235,66,Northern Pipeline Agency Canada,npa-apn,NPA,,https://northern-pipeline.canada.ca/home,https://pipe-line-nord.canada.ca/accueil
2269,"Housing, Infrastructure and Communities Canada","Logement, Infrastructures et Collectivités Canada",HICC,LICC,237,242,Office of Infrastructure of Canada,infc,HIC,INF00,https://housing-infrastructure.canada.ca/,https://housing-infrastructure.canada.ca/
2270,Office of the Auditor General of Canada,Bureau du vérificateur général du Canada,OAG,BVG,,2,Office of the Auditor General of Canada,oag-bvg,AUD,AUD00,,
2271,Elections Canada,Élections Canada,elections,elections,239,15,Office of the Chief Electoral Officer,elections,CEO,CEO00,www.elections.ca,www.elections.ca
2272,Office of the Commissioner for Federal Judicial Affairs Canada,Commissariat à la magistrature fédérale Canada,FJA,CMF,240,51,,fja-cmf,FJA,FJA00,www.fja-cmf.gc.ca,www.fja-cmf.gc.ca
2273,Office of the Commissioner of Lobbying of Canada,Commissariat au lobbying du Canada,OCL,CAL,241,154,Office of the Commissioner of Lobbying,ocl-cal,LOB,LOB00,https://lobbycanada.gc.ca/en,https://lobbycanada.gc.ca/fr
2274,Office of the Commissioner of Official Languages,Commissariat aux langues officielles,OCOL,CLO,242,76,Office of the Commissioner of Official Languages,ocol-clo,COL,COL00,www.officiallanguages.gc.ca/en,www.officiallanguages.gc.ca/fr
2275,Office of the Intelligence Commissioner,Bureau du commissaire au renseignement,,,244,197,Office of the Intelligence Commissioner of Canada,ocsec-bccst,OLC,OLC00,https://www.canada.ca/en/intelligence-commissioner.html,https://www.canada.ca/fr/commissaire-renseignement.html
2276,The Correctional Investigator Canada,L'Enquêteur correctionnel Canada,OCI,BEC,247,,Office of the Correctional Investigator of Canada,oci-bec,OCI,,www.oci-bec.gc.ca,www.oci-bec.gc.ca
2277,Public Prosecution Service of Canada,Service des poursuites pénales du Canada,PPSC,SPPC,248,19,Public Prosecution Service of Canada,ppsc-sppc,PPD,PPD00,www.ppsc-sppc.gc.ca/,www.ppsc-sppc.gc.ca
2278,Office of the Secretary to the Governor General,Bureau du secrétaire du gouverneur général,OSGG,BSGG,249,8,,osgg-bsgg,GGS,GGS00,www.gg.ca,www.gg.ca
2279,Office of the Public Sector Integrity Commissioner of Canada,Commissariat à l'intégrité du secteur public du Canada,PSIC,ISPC,250,46,Office of the Public Sector Integrity Commissioner of Canada,psic-ispc,INT,INT00,www.psic-ispc.gc.ca,www.psic-ispc.gc.ca
2280,Office of the Superintendent of Financial Institutions Canada,Bureau du surintendant des institutions financières Canada,OSFI,BSIF,253,11,Office of the Superintendent of Financial Institutions Canada,osfi-bsif,SIF,SIF00,https://www.osfi-bsif.gc.ca/en,https://www.osfi-bsif.gc.ca/fr
2281,Office of the Information Commissioner of Canada,Commissariat à l'information au Canada,OIC,CI,256,96,Office of the Information Commissioner of Canada,oic-ci,IPC,IPC00,https://www.oic-ci.gc.ca/en,https://www.oic-ci.gc.ca/fr
2282,Office of the Privacy Commissioner of Canada,Commissariat à la protection de la vie privée du Canada,OPC,CPVP,256,96,Office of the Privacy Commissioner of Canada,opc-cpvp,OPC,IPC00,https://www.priv.gc.ca/en/,https://www.priv.gc.ca/fr/
2283,Patented Medicine Prices Review Board Canada,Conseil d'examen du prix des médicaments brevetés Canada,PMPRB,CEPMB,266,109,Patented Medicine Prices Review Board,pmprb-cepmb,PXR,PXR00,https://www.canada.ca/en/patented-medicine-prices-review.html,https://www.canada.ca/en/patented-medicine-prices-review.html
2284,Privy Council Office,Bureau du Conseil privé,PCO,BCP,278,25,Privy Council Office,pco-bcp,PCO,PCO00,www.pco-bcp.gc.ca,www.pco-bcp.gc.ca
2285,Public Health Agency of Canada,Agence de la santé publique du Canada,PHAC,ASPC,280,148,Public Health Agency of Canada,phac-aspc,AHS,AHS00,www.phac-aspc.gc.ca,www.phac-aspc.gc.ca
2286,Public Service Commission of Canada,Commission de la fonction publique du Canada,PSC,CFP,282,4,Public Service Commission of Canada,psc-cfp,PSC,PSC00,https://www.canada.ca/en/public-service-commission.html,https://www.canada.ca/fr/commission-fonction-publique.html
2287,Registrar of the Supreme Court of Canada,Registraire de la Cour suprême du Canada,SCC,CSC,288,80,,scc-csc,SUC,,www.scc-csc.ca,www.scc-csc.ca
2288,Royal Canadian Mounted Police,Gendarmerie royale du Canada,RCMP,GRC,295,30,Royal Canadian Mounted Police,rcmp-grc,RCM,RCM00,www.rcmp-grc.gc.ca,www.rcmp-grc.gc.ca
2289,RCMP External Review Committee,Comité externe d'examen de la GRC,ERC,CEE,296,,Royal Canadian Mounted Police External Review Committee,erc-cee,REC,,www.erc-cee.gc.ca,www.erc-cee.gc.ca
2290,Civilian Review and Complaints Commission for the RCMP,Commission civile d'examen et de traitement des plaintes relatives à la GRC,CRCC,CCETP,297,,Civilian Review and Complaints Commission for the Royal Canadian Mounted Police,cpc-cpp,RPP,,www.crcc-ccetp.gc.ca/,www.crcc-ccetp.gc.ca/fr
2291,National Security and Intelligence Review Agency Secretariat,Secrétariat de l’Office de surveillance des activités en matière de sécurité nationale et de renseignement,,,302,196,,,NRA,NRA00,https://nsira-ossnr.gc.ca/,https://nsira-ossnr.gc.ca/fr/
2292,Shared Services Canada,Services partagés Canada,SSC,SPC,305,163,Shared Services Canada,ssc-spc,GSS,GSS00,https://www.canada.ca/en/shared-services.html,https://www.canada.ca/fr/services-partages.html
2293,Statistics Canada,Statistique Canada,StatCan,StatCan,313,54,Statistics Canada,statcan,STC,STC00,www.statcan.gc.ca,www.statcan.gc.ca
2294,Veterans Review and Appeal Board,Tribunal des anciens combattants (révision et appel),VRAB,TACRA,333,,Veterans Review and Appeal Board,vrab-tacra,AVC,AVC00,www.vrab-tacra.gc.ca,www.vrab-tacra.gc.ca
2295,Secretariat of the National Security and Intelligence Committee of Parliamentarians,Secrétariat du Comité des parlementaires sur la sécurité nationale et le renseignement,SNSICP,SCPSNR,345,192,Secretariat of the National Security and Intelligence Committee of Parliamentarians,snsicp-scpssnr,NSI,NSI00,https://www.nsicop-cpsnr.ca/index-en.html,https://www.nsicop-cpsnr.ca/index-fr.html
2296,Leaders’ Debates Commission,Commission des débats des chefs,,,350,193,,,LDC,LDC00,https://www.debates-debats.ca/en/,https://www.debates-debats.ca/fr/
2297,Administrative Tribunals Support Service of Canada,Service canadien d'appui aux tribunaux administratifs,ATSSC,SCDATA,539,170,Administrative Tribunals Support Service of Canada,atssc-scdata,ATS,ATS00,www.canada.ca/en/administrative-tribunals-support-service.html,www.canada.ca/fr/service-canadien-appui-tribunaux-administratifs.html
2298,Pacific Economic Development Canada,Développement économique Canada pour le Pacifique,PacifiCan,PacifiCan,560,240,Pacific Economic Development Canada (PacifiCan),pacifican,PED,,https://www.canada.ca/en/pacific-economic-development.html,https://www.canada.ca/fr/developpement-economique-pacifique.html
2299,Federal Economic Development Agency for Northern Ontario,Agence fédérale de développement économique pour le Nord de l'Ontario,FedNor,FedNor,561,200,Federal Economic Development Agency for Northern Ontario,fednor,NOR,,http://fednor.gc.ca/eic/site/fednor-fednor.nsf/eng/home,http://fednor.gc.ca/eic/site/fednor-fednor.nsf/fra/accueil
2300,Canada Border Services Agency,Agence des services frontaliers du Canada,CBSA,ASFC,26,85,Canada Border Services Agency,cbsa-asfc,BSF,BSF00,www.cbsa.gc.ca,www.asfc.gc.ca
2301,Canada Emission Reduction Incentives Agency,Agence canadienne pour l'incitation à la réduction des émissions,,,32,,,ceria-acire,RED,,,
2302,Canada Employment Insurance Commission,Commission de l'assurance-emploi du Canada,CEIC,CAEC,33,,,ceic-caec,CEI,,www.esdc.gc.ca/eng/jobs/ei/commission/index.shtml,www.edsc.gc.ca/fra/emplois/ae/commission/index.shtml
2303,Canada Revenue Agency,Agence du revenu du Canada,CRA,ARC,46,130,Canada Revenue Agency,cra-arc,NAR,NAR00,www.canada.ca/en/revenue-agency.html,www.canada.ca/fr/agence-revenu.html
2304,Canada School of Public Service,École de la fonction publique du Canada,CSPS,EFPC,47,52,Canada School of Public Service,csps-efpc,CES,CES00,www.csps-efpc.gc.ca,www.csps-efpc.gc.ca
2305,Canadian Centre for Occupational Health and Safety,Centre canadien d’hygiène et de sécurité au travail,CCOHS,CCHST,55,100,Canadian Centre for Occupational Health and Safety,ccohs-cchst,OCC,OCC00,www.ccohs.ca,www.cchst.ca
2306,Canadian Food Inspection Agency,Agence canadienne d'inspection des aliments,CFIA,ACIA,65,136,Canadian Food Inspection Agency,cfia-acia,ICA,ICA00,www.inspection.gc.ca,www.inspection.gc.ca
2307,Canadian Institutes of Health Research,Instituts de recherche en santé du Canada,CIHR,IRSC,74,61,Canadian Institutes of Health Research,cihr-irsc,CRI,CRI00,www.cihr-irsc.gc.ca,www.irsc-cihr.gc.ca
2308,Canadian Nuclear Safety Commission,Commission canadienne de sûreté nucléaire,CNSC,CCSN,87,47,Canadian Nuclear Safety Commission,cnsc-ccsn,CSN,CSN00,https://www.cnsc-ccsn.gc.ca/eng/,https://www.cnsc-ccsn.gc.ca/fra/
2309,Transportation Safety Board of Canada,Bureau de la sécurité des transports du Canada,TSB,BST,98,101,Transportation Safety Board of Canada,tsb-bst,TSB,TSB00,www.tsb-bst.gc.ca,www.bst-tsb.gc.ca
2310,Law Commission of Canada,Commission du droit du Canada,,,198,131,,org231,CLD,CLD00,,
2311,The National Battlefields Commission,Commission des champs de bataille nationaux,NBC,CCBN,218,102,The National Battlefields Commission,nbc-ccbn,NBC,NBC00,www.ccbn-nbc.gc.ca,www.ccbn-nbc.gc.ca
2312,Canada Energy Regulator,Régie de l'énergie du Canada,CER,REC,221,195,National Energy Board,cer-rec,ERG,ENR00,https://www.cer-rec.gc.ca/index-eng.html,https://www.cer-rec.gc.ca/index-fra.html
2313,National Research Council Canada,Conseil national de recherches Canada,NRC,CNRC,228,35,National Research Council of Canada,nrc-cnrc,NRC,NRC00,https://nrc.canada.ca/en,https://nrc.canada.ca/fr
2314,Natural Sciences and Engineering Research Council of Canada,Conseil de recherches en sciences naturelles et en génie du Canada,NSERC,CRSNG,230,27,Natural Sciences and Engineering Research Council of Canada,nserc-crsng,NSE,NSE00,www.nserc-crsng.gc.ca,www.nserc-crsng.gc.ca
2315,Parks Canada,Parcs Canada,PC,PC,263,124,Parks Canada Agency,pc,CAP,CAP00,www.pc.gc.ca,www.pc.gc.ca
2316,Social Sciences and Humanities Research Council of Canada,Conseil de recherches en sciences humaines du Canada,SSHRC,CRSH,306,63,Social Sciences and Humanities Research Council,sshrc-crsh,SSH,SSH00,www.sshrc-crsh.gc.ca,www.sshrc-crsh.gc.ca
2317,Invest in Canada Hub,Investir au Canada,,,347,180,Invest in Canada,iic-iac,ICH,,,
2318,Polar Knowledge Canada,Savoir polaire Canada,POLAR,POLAIRE,552,171,Polar Knowledge Canada,polar-polaire,CHR,CHR00,www.canada.ca/en/polar-knowledge.html,www.canada.ca/fr/savoir-polaire.html
2319,Accessibility Standards Canada,Normes d'accessibilité Canada,ASC,NAC,558,199,Canadian Accessibility Standards Development Organization,casdo-ocena,CAQ,CAQ00,https://accessible.canada.ca/,https://accessibilite.canada.ca/
2396,Canadian Radio-television and Telecommunications Commission,Conseil de la radiodiffusion et des télécommunications canadiennes,CRTC,CRTC,93,16,Canadian Radio-television and Telecommunications Commission,crtc,RTC,RTC00,www.crtc.gc.ca,www.crtc.gc.ca
3399,African Development Bank,Banque africaine de développement,,,7,,,,,,www.afdb.org,www.afdb.org
3400,Asian Development Bank,Banque asiatique de développement,,,8,,,,,,www.adb.org,www.adb.org
3401,Caribbean Development Bank,Banque de développement des Caraïbes,,,103,,,,,,www.caribank.org,www.caribank.org
3402,European Bank for Reconstruction and Development,Banque européenne pour la reconstruction et le développement,,,145,,,,,,www.ebrd.com,www.ebrd.com
3403,Inter-American Development Bank,Banque interaméricaine de développement,,,181,,,,,,www.iadb.org,www.iadb.org
3404,International Bank for Reconstruction and Development,Banque internationale pour la reconstruction et le développement,,,183,,,,,,www.worldbank.org,www.banquemondiale.org
3405,International Development Association,Association internationale de développement,,,185,,,,,,www.worldbank.org,www.banquemondiale.org
3406,International Finance Corporation,Société financière internationale,,,187,,,,,,www.ifc.org,www.ifc.org
3407,International Joint Commission (Canadian Section),Commission mixte internationale (section canadienne),,,189,24,,,IJC,,www.ijc.org,www.ijc.org
3408,International Lake Memphremagog Levels Board,Commission internationale du lac Memphrémagog,,,190,,,,,,,
3409,International Lake of the Woods Control Board,Conseil international de contrôle du lac des Bois,,,191,,,,,,ijc.org/en/ilwcb,ijc.org/fr/ilwcb
3410,International Monetary Fund,Fonds monétaire international,,,192,,,,,,www.imf.org,www.imf.org
3411,Multilateral Investment Guarantee Agency,Agence multilatérale de garantie des investissements,,,213,,,,,,www.miga.org,www.miga.org
3412,Joint Public Advisory Committee (JPAC) of the Commission for Environmental Cooperation (CEC),Comité consultatif public mixte (CCPM) de la Commission de coopération environnementale (CCE),,,233,,,,,,www.cec.org,www.cec.org
3413,World Anti-Doping Agency,Agence mondiale antidopage,,,341,,,,,,www.wada-ama.org/en,www.wada-ama.org/fr
3414,Asian Infrastructure Investment Bank,Banque asiatique d'investissement dans les infrastructures,,,351,,,,,,www.aiib.org,www.aiib.org
3415,Lower Churchill Development Corporation Limited,Lower Churchill Development Corporation Limited,,,201,,,,,,,
3416,North Portage Development Corporation (operating as The Forks North Portage Partnership),North Portage Development Corporation (exploitée sous le nom de The Forks North Portage Partnership),,,234,,,,,,https://www.theforks.com/about/partnership,https://www.theforks.com/about/partnership
3417,Communication Canada,Communication Canada,,,108,,,,CIO,,,
3418,Office of the Superintendent of Bankruptcy,Bureau du surintendant des faillites,,,252,,,,OSB,,,
3419,Prairie Farm Rehabilitation Administration,Administration du rétablissement agricole des Prairies,,,273,,,,REA,,,
3420,Commissioner of Canada Election,Commissaire aux élections fédérales,,,342,,,occe-bcef,OCE,,,
3421,Canada Investment and Savings,Placements Épargne Canada,,,538,,,,,,,
3422,Director of Soldier Settlement,Directeur de l’établissement de soldats,,,541,,,,SST,,,
3423,"The Director, The Veterans’ Land Act",Directeur des terres destinées aux anciens combattants,,,,,,,DVL,,,
3424,Energy Supplies Allocation Board,Office de répartition des approvisionnements d’énergie,,,543,,,esab-orad,ESR,,,
3425,"Staff of the Non-Public Funds, Canadian Forces","Personnel des fonds non publics, Forces canadiennes",,,545,,,,FPF,,,
3426,Statistics Survey Operations,Opérations des enquêtes statistiques,,,553,,,,SYT,,,
3427,Federal Judges not part of any department,Juges fédéraux ne faisant pas partie d'un ministère,,,555,,,,,,,
3428,House of Commons,Chambre des communes,,,2,67,,hoc-cdc,HOC,,www.parl.gc.ca,www.parl.gc.ca
3429,Library of Parliament,Bibliothèque du Parlement,,,200,17,,lp-bp,LIB,,www.parl.gc.ca/About/Library/VirtualLibrary,www.parl.gc.ca/About/Library/VirtualLibrary
3430,Office of the Conflict of Interest and Ethics Commissioner,Commissariat aux conflits d'intérêts et à l'éthique,,,245,147,,,CIE,,ciec-ccie.parl.gc.ca/EN/Pages/default.aspx,ciec-ccie.parl.gc.ca/FR/Pages/default.aspx
3431,Senate Ethics Officer,Conseiller sénatorial en éthique,,,251,151,,,ESN,,sen.parl.gc.ca/seo-cse/eng/Home-e.html,sen.parl.gc.ca/seo-cse/fr/Home-f.html
3432,Senate,Sénat,,,303,9,,,SEN,,www.parl.gc.ca,www.parl.gc.ca
3433,Office of the Parliamentary Budget Officer,Bureau du directeur parlementaire du budget,,,346,183,,,PBO,,www.pbo-dpb.gc.ca/en/,www.pbo-dpb.gc.ca/fr/
3434,Parliamentary Protective Service,Service de protection parlementaire,,,554,176,,,PPS,,,
3435,Aéroport de Québec Inc.,Aéroport de Québec Inc.,,,5,,,,,,www.aeroportdequebec.com,www.aeroportdequebec.com
3436,Aéroports de Montréal,Aéroports de Montréal,,,6,,,,,,www.admtl.com,www.admtl.com
3437,Asia-Pacific Foundation of Canada,Fondation Asie-Pacifique du Canada,,,9,,Asia Pacific Foundation of Canada,apfc-fapc,,,www.asiapacific.ca,www.asiapacific.ca
3438,Association of Canada Lands Surveyors,Association des Arpenteurs des Terres du Canada,,,11,,,,,,www.acls-aatc.ca,www.acls-aatc.ca
3439,Belledune Port Authority,Administration portuaire de Belledune,,,16,,Belledune Port Authority,pb,,,www.portofbelledune.ca,www.portofbelledune.ca
3440,Buffalo and Fort Erie Public Bridge Authority,Buffalo and Fort Erie Public Bridge Authority,,,19,,,,,,www.peacebridge.com,www.peacebridge.com
3441,Calgary Airport Authority,Administration aéroportuaire de Calgary,,,21,,,,,,www.yyc.com,www.yyc.com
3442,WinSport,WinSport,,,22,,,,,,www.winsport.ca,www.winsport.ca
3443,Canada Foundation for Innovation,Fondation canadienne pour l’innovation,,,35,,Canada Foundation for Innovation,innovation,,,www.innovation.ca,www.innovation.ca
3444,Canada Foundation for Sustainable Development Technology,Fondation du Canada pour l’appui technologique au développement durable,,,36,,Sustainable Development Technology Canada,,,,www.sdtc.ca,www.sdtc.ca
3445,Canada Games Council,Conseil des Jeux du Canada,,,37,,,,,,www.canadagames.ca,www.canadagames.ca
3446,Canada Health Infoway Inc.,Inforoute Santé du Canada Inc.,,,38,,,,,,www.infoway-inforoute.ca,www.infoway-inforoute.ca
3447,Canada Media Fund,Fonds des médias du Canada,,,41,,,,,,www.cmf-fmc.ca,www.cmf-fmc.ca
3448,Canada-Newfoundland and Labrador Offshore Petroleum Board,Office Canada-Terre-Neuve-et-Labrador des hydrocarbures extracôtiers,,,,,Canada-Newfoundland and Labrador Offshore Petroleum Board,cnlopb,CFO,,,
3449,Canada-Nova Scotia Offshore Energy Regulator,Régie Canada-Nouvelle-Écosse de l'énergie extracôtière,,,49,,Canada-Nova-Scotia Offshore Petroleum Board,,CNO,,https://cnsoer.ca/,https://rcneee.ca/
3450,Canadian Agency for Drugs and Technologies in Health (CADTH),Agence canadienne des médicaments et des technologies de la santé (ACMTS),,,50,,,,,,www.cadth.ca,www.cadth.ca/fr
3451,Canadian Centre on Substance Use and Addictions,Centre canadien sur les dépendances et l’usage de substances,,,56,,,,,,www.ccsa.ca,www.ccsa.ca
3452,Canadian Energy Research Institute,Canadian Energy Research Institute,,,62,,,,,,www.ceri.ca,www.ceri.ca
3453,Canadian Institute for Health Information (CIHI),Institut canadien d’information sur la santé (ICIS),,,73,,,,,,www.cihi.ca,www.icis.ca
3454,Canadian Livestock Records Corporation,Société canadienne d’enregistrement des animaux,,,80,,,,,,www.clrc.ca,www.clrc.ca
3455,Canadian Partnership Against Cancer Corporation (CPAC),Partenariat canadien contre le cancer (PCC),,,89,,,,,,www.partnershipagainstcancer.ca,www.partenariatcontrelecancer.ca/fr
3456,Canadian Patient Safety Institute (CPSI),Institut canadien pour la sécurité des patients (ICSP),,,90,,,,,,www.patientsafetyinstitute.ca/English/Pages/default.aspx,www.patientsafetyinstitute.ca/french/pages/default.aspx
3457,Canadian Sport Institute Ontario,Institut canadien du sport Ontario,,,96,,,,,,www.csiontario.ca/home,www.csiontario.ca/home/fr
3458,Charlottetown Airport Authority Inc.,Charlottetown Airport Authority Inc.,,,105,,,,,,www.flypei.com,www.flypei.com
3459,Coaching Association of Canada,Association canadienne des entraîneurs,,,107,,,,,,www.coach.ca,www.coach.ca
3461,Edmonton Regional Airports Authority,Edmonton Regional Airports Authority,,,142,,,,,,www.flyeia.com,www.flyeia.com
3462,Fredericton International Airport Authority Inc.,Fredericton International Airport Authority Inc.,,,156,,,,,,www.frederictonairport.ca,www.frederictonairport.ca
3463,Gander International Airport Authority Inc.,Gander International Airport Authority Inc.,,,158,,,,,,www.ganderairport.com,www.ganderairport.com
3464,Greater London International Airport Authority,Greater London International Airport Authority,,,164,,,,,,www.flylondon.ca,www.flylondon.ca
3465,Greater Moncton International Airport Authority Inc.,Greater Moncton International Airport Authority Inc.,,,165,,,,,,www.cyqm.ca,www.cyqm.ca
3466,Greater Toronto Airports Authority,Autorité aéroportuaire du Grand Toronto,,,166,,,,,,www.torontopearson.com,www.torontopearson.com
3467,Halifax International Airport Authority,Administration de l'aéroport international d'Halifax,,,167,,,,,,www.hiaa.ca,www.hiaa.ca
3468,Halifax Port Authority,Administration portuaire d'Halifax,,,168,,Halifax Port Authority,halpa-aphal,,,www.portofhalifax.ca,www.portofhalifax.ca
3469,Hamilton Port Authority,Administration portuaire de Hamilton,,,,,Hamilton-Oshawa Port Authority,hampa-apham,,,,
3470,Institut national du sport du Québec,Institut national du sport du Québec,,,180,,,,,,www.insquebec.org,www.insquebec.org
3471,Internal Trade Secretariat Corporation,Corporation du Secrétariat du commerce intérieur,,,182,,,,,,www.cfta-alec.ca,www.cfta-alec.ca
3472,International Fisheries Commissions Pension Society,Société de caisse de retraite de la Commission internationale des pêcheries,,,188,,,,,,,
3473,Lake of the Woods Control Board,Commission de contrôle du lac des Bois,,,195,,,,,,www.lwcb.ca,www.lwcb.ca
3474,Maritime Forestry Complex Corporation,Société du complexe forestier des Maritimes,,,203,,,,,,www.gnb.ca/4532/index-e.asp,www.gnb.ca/4532/index-f.asp
3475,Mental Health Commission of Canada (MHCC),Commission de la santé mentale du Canada (CSMC),,,206,,,,,,www.mentalhealthcommission.ca,www.commissionsantementale.ca
3476,Milit-Air Inc.,Milit-Air Inc.,,,208,,,,,,,
3477,Montréal Port Authority,Administration portuaire de Montréal,,,212,,Montreal Port Authority,mpa-apm,,,www.port-montreal.com,www.port-montreal.com
3478,Nanaimo Port Authority,Administration portuaire de Nanaimo,,,214,,Nanaimo Port Authority,nnpa-apn,,,www.npa.ca,www.npa.ca
3479,"Nature Trust of British Columbia, The","Nature Trust of British Columbia, The",,,231,,,,,,www.naturetrust.bc.ca,www.naturetrust.bc.ca
3480,NAV CANADA,NAV CANADA,,,232,,,,,,www.navcanada.ca,www.navcanada.ca
3481,Oshawa Port Authority,Administration portuaire d’Oshawa,,,258,,,opa-apd,,,www.portofoshawa.ca,www.portofoshawa.ca
3482,Ottawa International Airport Authority,Administration de l’aéroport international d’Ottawa,,,259,,,,,,www.yow.ca,www.yow.ca
3483,Ouranos Consortium,Consortium Ouranos,,,260,,,,,,www.ouranos.ca,www.ouranos.ca
3484,"Pierre Elliott Trudeau Foundation, The","Fondation Pierre Elliott Trudeau, La",,,269,,Pierre Eliott Trudeau Foundation,petf-fpet,,,www.trudeaufoundation.ca,www.fondationtrudeau.ca
3485,Porcupine Caribou Management Board,Porcupine Caribou Management Board,,,270,,,,,,www.pcmb.ca,www.pcmb.ca
3486,Port Alberni Port Authority,Administration portuaire de Port Alberni,,,271,,Port Alberni Port Authority,papa-appa,,,www.portalberniportauthority.ca,www.portalberniportauthority.ca
3488,Prince George Airport Authority Inc.,Prince George Airport Authority Inc.,,,275,,,,,,www.pgairport.ca,www.pgairport.ca
3489,Prince Rupert Port Authority,Administration portuaire de Prince Rupert,,,276,,Prince Rupert Port Authority,prpa-appr,,,www.rupertport.com,www.rupertport.com
3490,Québec Port Authority,Administration portuaire de Québec,,,286,,Quebec Port Authority,qpa-apq,,,www.portquebec.ca,www.portquebec.ca
3491,Regina Airport Authority Inc.,Regina Airport Authority Inc.,,,287,,,,,,www.yqr.ca,www.yqr.ca
3492,Roosevelt Campobello International Park Commission,Commission du parc international Roosevelt de Campobello,,,293,,,,,,www.fdr.net,www.fdr.net
3493,Saguenay Port Authority,Administration portuaire du Saguenay,,,298,,Saguenay Port Authority,spa-aps,,,www.portsaguenay.ca,www.portsaguenay.ca
3494,Saint John Airport Inc.,Saint John Airport Inc.,,,299,,,,,,www.saintjohnairport.com,www.saintjohnairport.com
3495,Saint John Port Authority,Administration portuaire de Saint John,,,300,,Saint John Port Authority,stjpa-apstj,,,www.sjport.com,www.sjport.com
3496,Saskatoon Airport Authority,Saskatoon Airport Authority,,,301,,,,,,www.yxe.ca,www.yxe.ca
3497,Sept-Îles Port Authority,Administration portuaire de Sept-Îles,,,304,,Sept-Îles Port Authority,psi,,,www.portsi.com,www.portsi.com
3498,Sport Dispute Resolution Centre of Canada,Centre de règlement des différends sportifs du Canada,,,308,,,,,,www.crdsc-sdrcc.ca,www.crdsc-sdrcc.ca
3499,St. John’s International Airport Authority,St. John’s International Airport Authority,,,,,,,,,,
3500,St. John’s Port Authority,Administration portuaire de St. John’s,,,,,St. John's Port Authority,,,,,
3501,St. Lawrence Seaway Management Corporation,Corporation de gestion de la Voie maritime du Saint-Laurent,,,311,,,,,,www.greatlakes-seaway.com,www.greatlakes-seaway.com
3502,Terry Fox Humanitarian Award Inc.,Prix humanitaire Terry Fox inc.,,,316,,,,,,www.terryfoxawards.ca,www.terryfoxawards.ca
3503,Thunder Bay International Airports Authority Inc.,Thunder Bay International Airports Authority Inc.,,,318,,,,,,www.tbairport.on.ca,www.tbairport.on.ca
3504,Thunder Bay Port Authority,Administration portuaire de Thunder Bay,,,319,,Thunder Bay Port Authority,tbpa-aptb,,,www.portofthunderbay.com,www.portofthunderbay.com
3506,Toronto Port Authority,Administration portuaire de Toronto,,,321,,Toronto Port Authority,tpa-apt,,,www.portstoronto.com,www.portstoronto.com
3507,Trois-Rivières Port Authority,Administration portuaire de Trois-Rivières,,,327,,Trois-Rivières Port Authority,ptr,,,www.porttr.com,www.porttr.com
3508,TV5 Québec Canada,TV5 Québec Canada,,,328,,,,,,www.tv5.ca,www.tv5.ca
3509,Vancouver Fraser Port Authority,Administration portuaire de Vancouver Fraser,,,329,,Vancouver Fraser Port Authority,vfpa-apvf,,,www.portmetrovancouver.com,www.portmetrovancouver.com
3510,Vancouver International Airport Authority,Administration de l'Aéroport de Vancouver,,,330,,,,,,www.yvr.ca,www.yvr.ca
3511,Victoria Airport Authority,Autorité aéroportuaire de Victoria,,,335,,,,,,www.victoriaairport.com,www.victoriaairport.com
3512,Waterfront Toronto,Waterfront Toronto,,,336,,,,,,www.waterfrontoronto.ca,www.waterfrontoronto.ca
3513,Wildlife Habitat Canada,Habitat faunique Canada,,,337,,,,,,www.whc.org,www.whc.org/fr
3514,Windsor Port Authority,Administration portuaire de Windsor,,,338,,Windsor Port Authority,wpa-apw,,,www.portwindsor.com,www.portwindsor.com
3515,Winnipeg Airports Authority Inc.,Winnipeg Airports Authority Inc.,,,340,,,,,,www.waa.ca,www.waa.ca
3516,Canadian Foundation for Healthcare Improvement (CFHI),Fondation canadienne pour l'amélioration des services de santé (FCASS),,,547,,,,,,www.cfhi-fcass.ca,www.fcass-cfhi.ca
3517,Healthcare Excellence Canada (HEC),Excellence en santé Canada (ESC),,,559,,,,,,https://www.healthcareexcellence.ca/en/,https://www.healthcareexcellence.ca/fr/
3518,Aboriginal Healing Foundation,Fondation autochtone de guérison,,,4,,,,,,,
3519,Canada Commonwealth Legacy Fund,Fonds du legs des Jeux du Commonwealth,,,28,,,,,,,
3520,Canadian Foundation for Climate and Atmospheric Sciences,Fondation canadienne pour les sciences du climat et de l’atmosphère,,,68,,,,,,,
3521,Canadian International Grains Institute,Institut international du Canada pour le grain,,,78,,,,,,,
3522,"Canadian Wheat Board, The","Commission canadienne du blé, La",,,100,,,,,,,
3523,Centre national multisport-Montréal,Centre national multisport – Montréal,,,104,,,,,,,
3524,First Nations Financial Management Board,Conseil de gestion financière des premières nations,,,153,,First Nations Financial Management Board,fnfmb-cgfpn,,,,
3525,First Nations Tax Commission,Commission de la fiscalité des premières nations,,,155,,First Nations Tax Commission,fntc-cfpn,,,,
3526,Health Council of Canada,Conseil canadien de la santé,,,171,,,,,,,
3527,International Centre for Human Rights and Democratic Development,Centre international des droits de la personne et du développement démocratique,,,184,,,,,,,
3528,PrioNet Canada,PrioNet Canada,,,277,,,,,,,
3531,Last Post Fund,Fonds du Souvenir,,,196,,,,,,,
3532,"Vanier Institute of the Family, The",L’Institut Vanier de la famille,,,332,,,,,,,
3533,Canadian Coast Guard,Garde côtière canadienne,,,57,,,,DFO,,https://www.ccg-gcc.gc.ca/index-eng.html,https://www.ccg-gcc.gc.ca/index-fra.html
3534,Canadian Conservation Institute,Institut canadien de conservation,,,59,,,,PCH,,https://www.canada.ca/en/conservation-institute.html,https://www.canada.ca/fr/institut-conservation.html
3535,Canadian Forces Housing Agency,Agence de logement des Forces canadiennes,,,67,,,,DND,,www.canada.ca/en/government/publicservice/benefitsmilitary/military-housing.html,www.canada.ca/fr/gouvernement/fonctionpublique/avantagesmilitaires/logements-militaires.html
3536,Canadian Heritage Information Network,Réseau canadien d'information sur le patrimoine,,,70,,,,PCH,,https://www.canada.ca/en/heritage-information-network.html,https://www.canada.ca/fr/reseau-information-patrimoine.html
3537,Canadian Intellectual Property Office,Office de la propriété intellectuelle du Canada,,,75,,,,DUS,,www.cipo.gc.ca,www.opic.gc.ca
3538,Canadian Pari-Mutuel Agency,Agence canadienne du pari mutuel,,,88,,,,AGR,,www.cpma-acpm.agr.gc.ca,www.cpma-acpm.agr.gc.ca
3539,CORCAN,CORCAN,,,115,,,,PEN,,,
3540,Defence Research and Development Canada,Recherche et développement pour la défense Canada,,,120,,,drdc-rddc,DND,,www.drdc-rddc.gc.ca/en/,www.drdc-rddc.gc.ca/fr/
3541,Indian Oil and Gas Canada,Pétrole et gaz des Indiens du Canada,,,175,,,,IOG,,www.pgic-iogc.gc.ca/eng/1100110010002,www.pgic-iogc.gc.ca/fra/1100110010002/1100110010005
3542,Measurement Canada,Mesures Canada,,,204,,,,DUS,,www.ic.gc.ca/eic/site/mc-mc.nsf/eng/home,www.ic.gc.ca/eic/site/mc-mc.nsf/fra/accueil
3543,Physical Resources Bureau,Direction générale des biens,,,268,,,,EXT,,www.international.gc.ca/international/index.aspx?lang=eng&view=d,www.international.gc.ca/international/index.aspx?lang=fra&view=d
3544,Translation Bureau,Bureau de la traduction,,,323,,,,SVC,,www.tpsgc-pwgsc.gc.ca/bt-tb/index-eng.html,www.tpsgc-pwgsc.gc.ca/bt-tb/index-fra.html
3545,Consulting and Audit Canada Revolving Fund,Fonds renouvelable de Conseils et Vérification Canada,,,112,,,,SVC,,,
3546,Industrial Technologies Office,Office des technologies industrielles,,,179,,,,DUS,,,
3547,Passport Canada,Passeport Canada,,,264,,,pptc,IMC,,,
3548,Payroll System General Ledger,Grand livre général du système de la paye,,,,79,,,,,,
3549,Public Service Superannuation,Pension de retraite de la fonction publique,,,,87,,,SVC,,,
3552,Bank of Canada Museum,Musée de la Banque du Canada,,,,,,,,,,
3553,Canada Agriculture and Food Museum,Musée de l'agriculture et de l'alimentation du Canada,,,,,,,,,,
3554,Canada Aviation and Space Museum,Musée de l'aviation et de l'espace du Canada,,,,,,,,,,
3555,Canada Firearms Centre,Centre des armes à feu Canada,,,,,,,,,,
3556,Canada Research Chairs,Chaires de recherche du Canada,,,,,,,,,,
3557,Canadian Army,Armée canadienne,,,,,,,,,,
3558,Canadian Judicial Council,Conseil canadien de la magistrature,,,,,,,,,,
3559,Canadian Special Operations Forces Command,Commandement des Forces d’opérations spéciales du Canada,,,,,,,,,,
3560,Canadian Trade Commissioner Service,Service des délégués commerciaux du Canada,,,,,,,,,,
3561,Canadian War Museum,Musée canadien de la guerre,,,,,Canadian Museum of History and the Canadian War Museum,,,,,
3562,Communications Research Centre Canada,Centre de recherches sur les communications Canada,,,,,,,DUS,,,
3563,Competition Bureau Canada,Bureau de la concurrence Canada,,,,,,,DUS,,,
3564,Competition Tribunal,Tribunal de la concurrence,,,,,,ct-tc,,,,
3565,Court Martial Appeal Court of Canada,Cour d'appel de la cour martiale du Canada,,,,,,,,,,
3566,Democratic Institutions,Institutions démocratiques,,,,,,,,,,
3568,Environmental Protection Review Canada,Révision de la protection de l'environnement Canada,,,,,,,,,,
3569,Federal Court of Appeal,Cour d'appel fédérale,,,,,,,,,,
3570,Federal Court of Canada,Cour fédérale,,,,,,,,,,
3571,Office of the Federal Ombudsperson for Victims Of Crime,Bureau de l'ombudsman fédéral des victimes d'actes criminels,,,,,,,,,,
3572,Historic Sites and Monuments Board of Canada,Commission des lieux et monuments historiques du Canada,,,,,Historic Sites and Monuments Board of Canada,hsmbc-clmhc,,,,
3573,Independent Review Panel for Defence Acquisition,Commission indépendante d’examen des acquisitions de la Défense,,,,,,,,,,
3574,Intergovernmental Affairs,Affaires intergouvernementales,,,,,,iga-aig,,,,
3575,Judicial Compensation and Benefits Commission,Commission d'examen de la rémunération des juges,,,,,,,,,,
3577,Leader of the Government in the House of Commons,Leader du gouvernement à la Chambre des communes,,,,,,,,,,
3578,Management Advisory Board for the RCMP,Conseil consultatif de gestion pour la GRC,,,,,,,,,,
3579,National Security and Intelligence Review Agency,Office de surveillance des activités en matière de sécurité nationale et de renseignement,,,,,National Security and Intelligence Review Agency,nsira-ossnr,,,,
3580,National Seniors Council,Conseil national des aînés,,,,,,,,,,
3581,Occupational Health and Safety Tribunal Canada,Tribunal de santé et sécurité au travail Canada,,,,,,,,,,
3582,Office of the Chief Military Judge,Le cabinet du juge militaire en chef,,,,,,,,,,
3583,Office of the Ombudsman for the Department of National Defence and the Canadian Armed Forces,Bureau de l'ombudsman de la Défense nationale et des Forces armées canadiennes,,,,,Office of the Ombudsman for the Department of National Defence and the Canadian Forces,ndcfo-odnfc,DND,,,
3584,Parliament of Canada,Parlement du Canada,,,,,,,,,,
3585,Office of the Procurement Ombudsman,Bureau de l'ombudsman de l'approvisionnement,,,,,,,SVC,,,
3586,Prime Minister of Canada,Premier ministre du Canada,,,,,,,,,,
3587,Public Servants Disclosure Protection Tribunal Canada,Tribunal de la protection des fonctionnaires divulgateurs Canada,,,,,,psdpt-tpfd,,,,
3588,Royal Canadian Air Force,Aviation royale canadienne,,,,,,,,,,
3589,Royal Canadian Navy,Marine royale canadienne,,,,,,,,,,
3590,Royal Military College of Canada,Collège militaire royal du Canada,,,,,,,,,,
3591,Service Canada,Service Canada,,,,,,,CSD,,,
3593,Tax Court of Canada,Cour canadienne de l'impôt,,,,,,,,,,
3594,Office of the Taxpayers' Ombudsperson,Bureau de l'ombudsman des contribuables,,,,,,oto-boc,,,,
3595,Office of the Veterans' Ombudsman,Bureau de l'ombud des vétérans,,,,,,ovo-bov,DVA,,,
3596,Virtual Museum of Canada,Musée virtuel du Canada,,,,,,,,,,
3599,Aboriginal Business Canada,Entreprise autochtone Canada,,,,,,,,,,
3600,"Appeal Board, Hazardous Materials Information Review Act","Commission d'appel, Loi sur le contrôle des renseignements relatifs aux matières dangereuses",,,,,,,,,,
3601,Canada Centre for Inland Waters,Centre canadien des eaux intérieures,,,,,,,,,,
3602,Canadian Museum of Contemporary Photography,Musée canadien de la photographie contemporaine,,,,,,,,,,
3603,Environmental Protection Tribunal of Canada,Tribunal de la protection de I'environnement du Canada,,,,,,,,,,
3604,Geographical Names Board of Canada,La Commission de toponymie du Canada,,,,,,,,,,
3605,Geological Survey of Canada,Commission géologique du Canada,,,,,,,RSN,,,
3606,Geomatics Canada,Géomatique Canada,,,,,,,RSN,,,
3607,Indian Residential Schools Resolution Canada,Résolution des questions des pensionnats indiens Canada,,,,,,,,,,
3608,National Advisory Council on Aging,Conseil consultatif national sur le troisième âge,,,,,,,,,,
3609,National Advisory Council on Poverty,Conseil national du Bien-être,,,,,,,,,,
3611,Office of the Chief Science Advisor of Canada,Bureau du conseiller scientifique en chef du Canada,,,,,,ocsa-bcsc,,,,
3612,Policy Horizons Canada,Horizons de politiques Canada,,,,,,,CSD,,,
3613,Ship-source Oil Pollution Fund,Caisse d'indemnisation des dommages dus à la pollution par les hydrocarbures causée par les navires,,,,,,sopf-cidp,,,,
3614,Statute Revision Commission Canada,Commission de révision des lois Canada,,,,,,,,,,
3615,Canadian Dairy Commission,Commission canadienne du lait,,,61,134,Canadian Dairy Commission,,CDC,,www.cdc-ccl.gc.ca,www.cdc-ccl.gc.ca
3616,Farm Credit Canada,Financement agricole Canada,,,147,,Farm Credit Canada,,FCC,,www.fcc-fac.ca,www.fcc-fac.ca
3618,Canada Council for the Arts,Conseil des Arts du Canada,,,29,,Canada Council for the Arts,,CCL,,www.canadacouncil.ca,www.conseildesarts.ca
3619,Canadian Broadcasting Corporation,Société Radio-Canada,,,53,,Canadian Broadcasting Corporation,,,,www.cbc.radio-canada.ca,www.cbc.radio-canada.ca
3620,Canadian Museum for Human Rights,Musée canadien des droits de la personne,,,81,,Canadian Museum for Human Rights,,,,www.humanrights.ca,www.droitsdelapersonne.ca
3621,Canadian Museum of History,Musée canadien de l'histoire,,,82,,,,,,www.historymuseum.ca,www.museedelhistoire.ca
3622,Canadian Museum of Immigration at Pier 21,Musée canadien de l’immigration du Quai 21,,,84,,Canadian Museum of Immigration at Pier 21,,,,www.pier21.ca,www.quai21.ca
3623,Canadian Museum of Nature,Musée canadien de la nature,,,85,,Canadian Museum of Nature,,,,www.nature.ca,www.nature.ca
3624,Canadian Race Relations Foundation,Fondation canadienne des relations raciales,,,92,,Canadian Race Relations Foundation,,,,www.crr.ca,www.crrf-fcrr.ca/fr
3625,National Arts Centre Corporation,Société du Centre national des Arts,,,217,,National Arts Centre,,NAC,,www.nac-cna.ca,www.cna-nac.ca
3626,National Gallery of Canada,Musée des beaux-arts du Canada,,,224,,National Gallery of Canada,,,,www.gallery.ca,www.beaux-arts.ca
3627,National Museum of Science and Technology,Musée national des sciences et de la technologie,,,226,,Ingenium   Canada's Museums of Science and Innovation,,,,https://ingeniumcanada.org/scitech,https://ingeniumcanada.org/fr/scitech
3629,Telefilm Canada,Téléfilm Canada,,,315,37,Telefilm Canada,,,,www.telefilm.ca,www.telefilm.ca
3630,Toronto Organizing Committee for the 2015 Pan American and Parapan American Games,Comité d’organisation des Jeux panaméricains et parapanaméricains de Toronto 2015,,,320,,,,,,,
3631,Canada Mortgage and Housing Corporation,Société canadienne d’hypothèques et de logement,,,42,91,Canada Mortgage and Housing Corporation,,,,www.cmhc.ca,www.schl.ca
3632,Social Security Tribunal,Tribunal de la sécurité sociale,,,307,,,,,,,
3633,Bank of Canada,Banque du Canada,,,15,,Bank of Canada,,,,www.bankofcanada.ca,www.bank-banque-canada.ca
3634,Canada Deposit Insurance Corporation,Société d’assurance-dépôts du Canada,,,30,,Canada Deposit Insurance Corporation,,,,www.cdic.ca,www.sadc.ca
3635,Canada Development Investment Corporation,La Corporation de développement des investissements du Canada,,,31,,Canada Development Investment Corporation,,,,www.cdev.gc.ca,www.cdev.gc.ca
3636,Canada Pension Plan Investment Board,Office d’investissement du régime de pensions du Canada,,,43,,,,,,www.cppib.com,www.cppib.com/fr/
3637,Royal Canadian Mint,Monnaie royale canadienne,,,294,,RCMH-MRCF Inc. (Royal Canadian Mint),,,,www.mint.ca,www.monnaie.ca
3638,Freshwater Fish Marketing Corporation,Office de commercialisation du poisson d’eau douce,,,157,,Freshwater Fish Marketing Corporation,,,,www.freshwaterfish.com/,www.freshwaterfish.com/fr
3639,Canadian Commercial Corporation,Corporation commerciale canadienne,,,58,,Canadian Commercial Corporation,,,,www.ccc.ca,www.ccc.ca
3640,Export Development Canada,Exportation et développement Canada,,,146,123,Export Development Canada,,,,www.edc.ca,www.edc.ca
3641,International Development Research Centre,Centre de recherches pour le développement international,,,186,,International Development Research Centre,,,,www.idrc.ca,www.crdi.ca
3642,Canada Infrastructure Bank,Banque de l’infrastructure du Canada,,,344,,Canada Infrastructure Bank,,,,www.infrastructure.gc.ca/CIB-BIC/index-eng.html,www.infrastructure.gc.ca/CIB-BIC/index-fra.html
3643,The Jacques-Cartier and Champlain Bridges Inc.,Les Ponts Jacques-Cartier et Champlain Inc.,,,194,,Jacques Cartier and Champlain Bridges Incorporated,,,,www.jacquescartierchamplain.ca,www.jacquescartierchamplain.ca
3644,Windsor-Detroit Bridge Authority,Autorité du pont Windsor-Détroit,,,339,,Windsor-Detroit Bridge Authority,,,,https://www.gordiehoweinternationalbridge.com/en,https://www.gordiehoweinternationalbridge.com/fr
3645,PPP Canada Inc.,PPP Canada Inc.,,,272,,,,,,www.p3canada.ca,www.p3canada.ca
3646,Business Development Bank of Canada,Banque de développement du Canada,,,20,,Business Development Bank of Canada,,,,www.bdc.ca,www.bdc.ca
3647,Canadian Tourism Commission,Commission canadienne du tourisme,,,97,,Destination Canada,,TRC,,en-corporate.canada.travel,fr-corporate.canada.travel
3648,Standards Council of Canada,Conseil canadien des normes,,,312,,Standards Council of Canada,,,,www.scc.ca,www.ccn.ca
3649,Atomic Energy of Canada Limited,Énergie atomique du Canada limitée,,,14,,Atomic Energy of Canada Limited,,AEC,,www.aecl.ca,www.aecl.ca
3650,Canada Lands Company Limited,Société immobilière du Canada limitée,,,40,,Canada Lands Company Limited,,,,https://www.clc-sic.ca/,https://www.clc-sic.ca/francais
3651,Canada Post Corporation,Société canadienne des postes,,,44,,Canada Post Corporation,,,,www.canadapost.ca,www.postescanada.ca
3652,Defence Construction (1951) Limited,Construction de Défense (1951) Limitée,,,119,,Defence Construction Canada,,DCL,,https://www.dcc-cdc.gc.ca/,https://www.cdc-dcc.gc.ca/
3653,National Capital Commission,Commission de la capitale nationale,,,219,,National Capital Commission,,NCC,,www.ncc-ccn.gc.ca,www.ccn-ncc.gc.ca
3654,Atlantic Pilotage Authority,Administration de pilotage de l’Atlantique,,,13,,Atlantic Pilotage Authority Canada,,,,www.atlanticpilotage.com,www.atlanticpilotage.com
3655,Canadian Air Transport Security Authority,Administration canadienne de la sûreté du transport aérien,,,51,,Canadian Air Transport Security Authority,,,,www.catsa.gc.ca,www.acsta.gc.ca
3656,Great Lakes Pilotage Authority,Administration de pilotage des Grands Lacs,,,163,,Great Lakes Pilotage Authority,,,,www.glpa-apgl.com,www.glpa-apgl.com
3657,Laurentian Pilotage Authority,Administration de pilotage des Laurentides,,,197,,Laurentian Pilotage Authority Canada,,,,www.pilotagestlaurent.gc.ca,www.pilotagestlaurent.gc.ca
3658,Marine Atlantic Inc.,Marine Atlantique S.C.C.,,,202,,Marine Atlantic Inc,,,,www.marine-atlantic.ca,www.marine-atlantic.ca
3659,Pacific Pilotage Authority,Administration de pilotage du Pacifique,,,261,,Pacific Pilotage Authority Canada,,,,www.ppa.gc.ca,www.ppa.gc.ca
3660,Ridley Terminals Inc.,Ridley Terminals Inc.,,,292,,,,,,www.rti.ca,www.rti.ca
3661,The Federal Bridge Corporation Limited,La Société des ponts fédéraux Limitée,,,148,,Federal Bridge Corporation Limited,,,,www.federalbridge.ca,www.federalbridge.ca
3662,VIA Rail Canada Inc.,VIA Rail Canada inc.,,,334,,VIA Rail Canada,,,,www.viarail.ca/en,www.viarail.ca/fr
3663,Public Sector Pension Investment Board,Office d’investissement des régimes de pensions du secteur public,,,281,,Public Sector Pension Investment Board ,,,,www.investpsp.ca,www.investpsp.ca
3664,Assisted Human Reproduction Agency of Canada,Agence canadienne de contrôle de la procréation assistée,,,10,,,,,,,
3665,Blue Water Bridge Authority,Administration du pont Blue Water,,,17,,,,,,,
3666,Canada Employment Insurance Financing Board,Office de financement de l’assurance-emploi du Canada,,,34,,,,,,,
3667,Corporation for the Mitigation of Mackenzie Gas Project Impacts,Société d’atténuation des répercussions du projet gazier Mackenzie,,,116,,,,,,,
3668,Enterprise Cape Breton Corporation,Société d’expansion du Cap Breton,,,143,,,,,,,
3669,First Nations Statistical Institute,Institut de la statistique des Premières nations,,,154,,,,,,,
3670,Grain Appeal Tribunal,Tribunal d'appel pour les grains,,,162,,,,,,,
3671,Hazardous Materials Information Review Commission,Conseil de contrôle des renseignements relatifs aux matières dangereuses,,,170,,,,,,,
3672,Indian Residential Schools Truth and Reconciliation Commission,Commission de vérité et de réconciliation relative aux pensionnats indiens,,,177,,,,,,,
3673,Inuvialuit Arbitration Board,Commission d'arbitrage des Inuvialuit,,,193,,,,,,,
3674,Merchant Seamen Compensation Board,Commission d'indemnisation des marins marchands,,,207,,,,,,,
3675,National Round Table on the Environment and the Economy,Table ronde nationale sur l’environnement et l’économie,,,229,,,,,,,
3676,Public Appointments Commission Secretariat,Secrétariat de la Commission des nominations publiques,,,279,,,,,,,
3679,Canada Agricultural Review Tribunal,Commission de révision agricole du Canada,,,24,,,,,,,
3680,Canada Industrial Relations Board,Conseil canadien des relations industrielles,,,39,,,,,,,
3681,Canadian Artists and Producers Professional Relations Tribunal,Tribunal canadien des relations professionnelles artistes-producteurs,,,52,,,,,,,
3682,Canadian Cultural Property Export Review Board,Commission canadienne d'examen des exportations de biens culturels,,,60,,,,,,,
3683,Canadian Human Rights Tribunal,Tribunal canadien des droits de la personne,,,72,,,,,,,
3684,Canadian International Development Agency,Agence canadienne de développement international,,,77,,,,,,,
3685,Canadian International Trade Tribunal,Tribunal canadien du commerce extérieur,,,79,,,,,,,
3686,Employment Insurance Boards of Referees,Conseils arbitraux de l’assurance-emploi,,,18,,,,,,,
3687,Office of the Commissioner of Review Tribunals,Bureau du Commissaire des tribunaux de révision,,,243,,,,,,,
3688,Office of the Umpire,Bureau du juge-arbitre,,,254,,,,,,,
3689,Old Port of Montreal Corporation Inc.,Société du Vieux-Port de Montréal Inc.,,,257,,Old Port of Montreal,,,,,
3690,Parc Downsview Park Inc.,Parc Downsview Park Inc,,,262,,Parc Downsview Park Inc.,,,,https://downsviewpark.ca/,https://parcdownsview.ca/
3691,Pension Appeals Board,Commission d'appel des pensions,,,267,,,,,,,
3692,Public Service Labour Relations Board,Commission des relations de travail dans la fonction publique,,,284,,,,,,,
3693,Public Service Staffing Tribunal,Tribunal de la dotation de la fonction publique,,,285,,,,,,,
3694,Registry of the Competition Tribunal,Greffe du Tribunal de la concurrence,,,289,,,,,,,
3695,Registry of the Public Servants Disclosure Protection Tribunal,Greffe du Tribunal de la protection des fonctionnaires divulgateurs d'actes répréhensibles,,,290,,,,,,,
3696,Registry of the Specific Claims Tribunal,Greffe du Tribunal des revendications particulières,,,291,,,,,,,
3697,Transportation Appeal Tribunal of Canada,Tribunal d’appel des transports du Canada,,,324,,,,,,,
3698,Vancouver Organizing Committee for the 2010 Olympic and Paralympic Winter Games,Comité d’organisation des Jeux olympiques et paralympiques d’hiver de 2010 à Vancouver,,,331,,,,,,,
3700,The Halifax 2011 Canada Games Host Society,Société d’accueil des Jeux de 2011 de Halifax,,,317,,,,,,,
3701,Prince George 2015 Canada Winter Games Host Society,Société hôtesse des Jeux d'hiver du Canada Prince George 2015,,,274,,,,,,,
3702,2010 Games Operating Trust Society,Société du legs des Jeux de 2010,,,121,,,,,,,
3703,Canada Water Agency,Agence de l'eau du Canada,CWA,AEC,563,,,,CWA,,https://www.canada.ca/en/canada-water-agency.html,https://www.canada.ca/fr/agence-eau-canada.html
3704,Treasury Board,Conseil du Trésor,TB,CT,,,,,TBD,,,
3705,Federal Public Sector Labour Relations and Employment Board,Commission des relations de travail et de l’emploi dans le secteur public fédéral,,,,,,,,,,
3706,Miscarriage of Justice Review Commission,Commission d’examen des erreurs du système judiciaire,,,564,,,,MJR,,,
3707,VIA HFR - VIA TGF Inc.,VIA HFR - VIA TGF Inc.,,,562,,,,,,https://hfr-tgf.ca/,https://tgf-hfr.ca/
